"","text","favorited","favoriteCount","replyToSN","created","truncated","replyToSID","id","replyToUID","statusSource","screenName","retweetCount","isRetweet","retweeted","longitude","latitude"
"1","this flu is trying to take me out yo...I still gotta travel the world &amp; see my kid go to the NBA...pray for me Ì†ΩÌπè",FALSE,0,NA,2018-03-03 17:33:04,FALSE,NA,"969989045722992640",NA,"<a href=""http://twitter.com/download/iphone"" rel=""nofollow"">Twitter for iPhone</a>","JonathanYX",0,FALSE,FALSE,NA,NA
"2","Worst of bad US #flu season finally over as illnesses decline https://t.co/AhA4KExvQh https://t.co/0na43yCK1G",FALSE,0,NA,2018-03-03 17:33:00,FALSE,NA,"969989027947601921",NA,"<a href=""https://about.twitter.com/products/tweetdeck"" rel=""nofollow"">TweetDeck</a>","DailyTrib",0,FALSE,FALSE,NA,NA
"3","RT @thegooglefact: Pineapple juice is 5 times more effective than cough syrup. It also prevents colds and the flu.",FALSE,0,NA,2018-03-03 17:32:59,FALSE,NA,"969989025451790337",NA,"<a href=""https://mobile.twitter.com"" rel=""nofollow"">Twitter Lite</a>","hazarikarraj",5,TRUE,FALSE,NA,NA
"4","I keep reading tweets that talk about having the flu and going out in public. WTH is wrong with people?",FALSE,0,NA,2018-03-03 17:32:59,FALSE,NA,"969989024998936577",NA,"<a href=""http://twitter.com/download/iphone"" rel=""nofollow"">Twitter for iPhone</a>","westernlvr",0,FALSE,FALSE,NA,NA
"5","I got the flu please pardon me",FALSE,0,NA,2018-03-03 17:32:55,FALSE,NA,"969989007730970624",NA,"<a href=""http://twitter.com/download/iphone"" rel=""nofollow"">Twitter for iPhone</a>","Junes_Flyest",0,FALSE,FALSE,NA,NA
"6","@rayjr148 Thank you! I was up in Cambridge last week and no one was sick. Came back to NJ and everyone has the flu.",FALSE,0,"rayjr148",2018-03-03 17:32:47,FALSE,"969988547628490753","969988974788964355","2357430107","<a href=""http://twitter.com/download/android"" rel=""nofollow"">Twitter for Android</a>","LisaLGM1",0,FALSE,FALSE,NA,NA
"7","RT @AprilPerk2012: Bucket list= see @blakeshelton in concert... DONE!!!!  Aaannnddd even with the flu!!! It was A-MAZ-ING!!  Thanks for a g‚Ä¶",FALSE,0,NA,2018-03-03 17:32:45,FALSE,NA,"969988963296522241",NA,"<a href=""http://twitter.com/download/android"" rel=""nofollow"">Twitter for Android</a>","deedeeliii",3,TRUE,FALSE,NA,NA
"8","RT @TaFire: Amacherry ngoThanda uLinda? And Dont mind the voice im dying coz of fluÌ†ΩÌ∏≠Ì†ΩÌ∏≠Ì†ΩÌ∏≠Ì†ΩÌ∏≠Ì†ΩÌ∏≠ https://t.co/272xUwIyAA",FALSE,0,NA,2018-03-03 17:32:30,FALSE,NA,"969988902428782592",NA,"<a href=""http://twitter.com/download/android"" rel=""nofollow"">Twitter for Android</a>","nomhlesithole",1185,TRUE,FALSE,NA,NA
"9","RT @aurora3s: @Dragonsnestling @GordonHarmony @FColobus @Tosca3333 @lynda3035 @BloomNight2 @BrashleyDebbie @cobalttash @HackmanPatsy @Cathy‚Ä¶",FALSE,0,NA,2018-03-03 17:32:27,FALSE,NA,"969988887824154624",NA,"<a href=""http://twitter.com/download/android"" rel=""nofollow"">Twitter for Android</a>","Dragonsnestling",1,TRUE,FALSE,NA,NA
"10","Writers and Flu Season by Dr. Maxine Thompson #flu #health #amwriting https://t.co/lQuh2k6Qdf",FALSE,0,NA,2018-03-03 17:32:20,FALSE,NA,"969988861580333056",NA,"<a href=""http://twitter.com"" rel=""nofollow"">Twitter Web Client</a>","MaxineEThompson",0,FALSE,FALSE,NA,NA
"11","RT @thegooglefact: Pineapple juice is 5 times more effective than cough syrup. It also prevents colds and the flu.",FALSE,0,NA,2018-03-03 17:32:11,FALSE,NA,"969988821919072256",NA,"<a href=""http://twitter.com/download/iphone"" rel=""nofollow"">Twitter for iPhone</a>","Alwayscalii",5,TRUE,FALSE,NA,NA
"12","#Influenza and other #Respiratory #Viruses #Research #References #Library‚Äì... https://t.co/B9Ggo5g3VN on @bloglovin",FALSE,0,NA,2018-03-03 17:32:05,FALSE,NA,"969988797718032387",NA,"<a href=""https://www.bloglovin.com"" rel=""nofollow"">Bloglovin</a>","ironorehopper",0,FALSE,FALSE,NA,NA
"13","RT @Stuart_PhotoAFC: A few very average pictures from today's Arsenal training session. #cold #flu Ì†æÌ¥íÌ†ΩÌ∏∑‚ùÑÔ∏èÌ†ΩÌ≥∑ https://t.co/IYgffcMzuJ",FALSE,0,NA,2018-03-03 17:32:03,FALSE,NA,"969988790545735680",NA,"<a href=""http://twitter.com/download/android"" rel=""nofollow"">Twitter for Android</a>","Mr_eemdee",70,TRUE,FALSE,NA,NA
"14","@Loulagamble Mate I am actually dying from man flu",FALSE,0,"Loulagamble",2018-03-03 17:32:00,FALSE,"969966739701329920","969988774565498882","188821381","<a href=""http://twitter.com/download/iphone"" rel=""nofollow"">Twitter for iPhone</a>","Kelyyy15",0,FALSE,FALSE,NA,NA
"15","RT @CityOfLasVegas: On the latest episode of #TrendingVegas with @vegasmeld: the @lvlightsfc the Olympics, how to stay healthy during flu s‚Ä¶",FALSE,0,NA,2018-03-03 17:31:58,FALSE,NA,"969988768932483072",NA,"<a href=""https://mobile.twitter.com"" rel=""nofollow"">Twitter Lite</a>","raumunz",2,TRUE,FALSE,NA,NA
"16","@LoyalDGrayson //fly xD not flu",FALSE,0,"SuperBoyJK",2018-03-03 17:31:48,FALSE,"969988651894624256","969988726851014657","965482681894162432","<a href=""http://twitter.com/download/android"" rel=""nofollow"">Twitter for Android</a>","SuperBoyJK",0,FALSE,FALSE,NA,NA
"17","Flu activity slowly decreasing, Public Health Agency of Canada reports - Health - CBC News https://t.co/e6LAGx1rwa",FALSE,0,NA,2018-03-03 17:31:45,FALSE,NA,"969988714993664000",NA,"<a href=""http://twitter.com/download/iphone"" rel=""nofollow"">Twitter for iPhone</a>","mlmably",0,FALSE,FALSE,NA,NA
"18","Recently I have found the best way to get rid of the flu is to puke your guts out 3 times then sweat profusely til you feel better. Ì†ΩÌ∏í",FALSE,0,NA,2018-03-03 17:31:40,FALSE,NA,"969988692054966272",NA,"<a href=""http://twitter.com/download/android"" rel=""nofollow"">Twitter for Android</a>","JacobEspino_",0,FALSE,FALSE,NA,NA
"19","Cold weather, snow, influenza, norovirus, sick elderly people - no wonder the NHS is struggling! Strangely, it was‚Ä¶ https://t.co/5MiB6jcR4m",FALSE,0,NA,2018-03-03 17:31:36,TRUE,NA,"969988677358227457",NA,"<a href=""http://twitter.com/download/iphone"" rel=""nofollow"">Twitter for iPhone</a>","RCEM_VP",0,FALSE,FALSE,NA,NA
"20","Flu remains widespread in Arizona as fewer cases reported https://t.co/OFsKgpfM2f",FALSE,0,NA,2018-03-03 17:31:32,FALSE,NA,"969988660157407233",NA,"<a href=""http://www.google.com/"" rel=""nofollow"">Google</a>","Bronxvoice1",0,FALSE,FALSE,NA,NA
"21","@LoyalDGrayson He nodded ""Just a little bit, but I don't wanna go home yet"" he was having fun and he yawned again ""‚Ä¶ https://t.co/njvkfcy3uB",FALSE,0,"LoyalDGrayson",2018-03-03 17:31:30,TRUE,"969900866659495937","969988651894624256","944473292097904641","<a href=""http://twitter.com/download/android"" rel=""nofollow"">Twitter for Android</a>","SuperBoyJK",0,FALSE,FALSE,NA,NA
"22","Man that flu was a Ì†æÌ¥¨to get over.",FALSE,0,NA,2018-03-03 17:31:26,FALSE,NA,"969988632294682624",NA,"<a href=""http://twitter.com/download/iphone"" rel=""nofollow"">Twitter for iPhone</a>","MonicaClare0921",0,FALSE,FALSE,NA,NA
"23","I just want to go the Arnold, but I‚Äôm stuck at home fighting the flu &amp; an upper respiratory infection. Ì†ΩÌ∏î",FALSE,0,NA,2018-03-03 17:31:14,FALSE,NA,"969988582642540545",NA,"<a href=""http://twitter.com/download/iphone"" rel=""nofollow"">Twitter for iPhone</a>","tessadanielle11",0,FALSE,FALSE,NA,NA
"24","RT @MiltonWolfMD: This would be a huge, huge story if the races were reversed.

As it stands, the local paper @KCStar placed it lower than‚Ä¶",FALSE,0,NA,2018-03-03 17:31:13,FALSE,NA,"969988581052821510",NA,"<a href=""https://mobile.twitter.com"" rel=""nofollow"">Twitter Lite</a>","Shadowboxer50",8,TRUE,FALSE,NA,NA
"25","Megan and I both yacked all night Ì†æÌ¥Æ flu szsn kicking our ass",FALSE,0,NA,2018-03-03 17:31:12,FALSE,NA,"969988577114259456",NA,"<a href=""http://twitter.com/download/iphone"" rel=""nofollow"">Twitter for iPhone</a>","Mariiisaaaaa",0,FALSE,FALSE,NA,NA
"26","Listen: The Flu Season Has Finally Peaked @time https://t.co/Sy3r82pTjT https://t.co/95fRbeMF02",FALSE,0,NA,2018-03-03 17:31:11,FALSE,NA,"969988570558619648",NA,"<a href=""https://dlvrit.com/"" rel=""nofollow"">dlvr.it</a>","SpokenEdition",0,FALSE,FALSE,NA,NA
"27","RT @TheMikeOG: .... I hope yall get the flu. https://t.co/ze5OcagkWz",FALSE,0,NA,2018-03-03 17:31:10,FALSE,NA,"969988567081431040",NA,"<a href=""http://twitter.com/download/iphone"" rel=""nofollow"">Twitter for iPhone</a>","Husjojola",1,TRUE,FALSE,NA,NA
"28","RT @thegooglefact: Pineapple juice is 5 times more effective than cough syrup. It also prevents colds and the flu.",FALSE,0,NA,2018-03-03 17:31:05,FALSE,NA,"969988546894356480",NA,"<a href=""http://twitter.com/download/android"" rel=""nofollow"">Twitter for Android</a>","sagar_ghy",5,TRUE,FALSE,NA,NA
"29","RT @vnuek: Canadian Study Proves Flu Shot Increases Risk Of Contracting Influenza.. A Canadian study has found the flu shot actually increa‚Ä¶",FALSE,0,NA,2018-03-03 17:30:58,FALSE,NA,"969988515944640512",NA,"<a href=""http://twitter.com/download/iphone"" rel=""nofollow"">Twitter for iPhone</a>","Patrici76267702",1,TRUE,FALSE,NA,NA
"30","Officials Say End of This Very Long Flu Season Is in¬†Sight https://t.co/CdxdjRo1tJ https://t.co/yz6lTxaXx1",FALSE,0,NA,2018-03-03 17:30:44,FALSE,NA,"969988455970365441",NA,"<a href=""http://publicize.wp.com/"" rel=""nofollow"">WordPress.com</a>","MadMikeAmerica",0,FALSE,FALSE,NA,NA
"31","RT @Stuart_PhotoAFC: A few very average pictures from today's Arsenal training session. #cold #flu Ì†æÌ¥íÌ†ΩÌ∏∑‚ùÑÔ∏èÌ†ΩÌ≥∑ https://t.co/IYgffcMzuJ",FALSE,0,NA,2018-03-03 17:30:40,FALSE,NA,"969988440954736641",NA,"<a href=""http://twitter.com/download/android"" rel=""nofollow"">Twitter for Android</a>","Sylvaluciano",70,TRUE,FALSE,NA,NA
"32","RT @Vicky_ED_EDU: #teamED &amp; @Bantzz getting prepared for flu season with point of care flu testing #seviceimprovement #FabChangeWeek @Lancs‚Ä¶",FALSE,0,NA,2018-03-03 17:30:32,FALSE,NA,"969988408360820743",NA,"<a href=""http://twitter.com/download/iphone"" rel=""nofollow"">Twitter for iPhone</a>","SaraDerbs15",14,TRUE,FALSE,NA,NA
"33","RT @Ma_Lights: According to @K_S_Bukhari brother a girl look cute when she‚Äôs sick and having flu Ì†æÌ¥ßÌ†æÌ¥í Ì†ΩÌ∏∑.....I‚Äôm cute Ì†ΩÌ∏Ç and that‚Äôs making me h‚Ä¶",FALSE,0,NA,2018-03-03 17:30:32,FALSE,NA,"969988407886798850",NA,"<a href=""http://twitter.com/download/iphone"" rel=""nofollow"">Twitter for iPhone</a>","K_S_Bukhari",1,TRUE,FALSE,NA,NA
"34","The 2018 Flu Season Might Finally Be Leveling Off: https://t.co/ZI35ZFAPn8 https://t.co/dJR4Z36uKi",FALSE,0,NA,2018-03-03 17:30:32,FALSE,NA,"969988405449887744",NA,"<a href=""http://www.hootsuite.com"" rel=""nofollow"">Hootsuite</a>","JandSFinancial",0,FALSE,FALSE,NA,NA
"35","The 2018 Flu Season Might Finally Be Leveling Off: https://t.co/cAzcgVNSgj https://t.co/VU7RVsLUQ6",FALSE,0,NA,2018-03-03 17:30:31,FALSE,NA,"969988403625381890",NA,"<a href=""http://www.hootsuite.com"" rel=""nofollow"">Hootsuite</a>","OakParkIns",0,FALSE,FALSE,NA,NA
"36","The 2018 Flu Season Might Finally Be Leveling Off: https://t.co/tAAdPB17zr https://t.co/IN1qvAPlBb",FALSE,0,NA,2018-03-03 17:30:31,FALSE,NA,"969988403625373696",NA,"<a href=""http://www.hootsuite.com"" rel=""nofollow"">Hootsuite</a>","MillerAgcy",0,FALSE,FALSE,NA,NA
"37",".@abcnews reports on how a new #ACC18 study shows the #flu vaccine linked to lower death risk for #heartfailure pat‚Ä¶ https://t.co/Dpyb35uzZg",FALSE,0,NA,2018-03-03 17:30:31,TRUE,NA,"969988403545755648",NA,"<a href=""http://www.hootsuite.com"" rel=""nofollow"">Hootsuite</a>","ACCmediacenter",0,FALSE,FALSE,NA,NA
"38","The 2018 Flu Season Might Finally Be Leveling Off: https://t.co/mu0oblewXs https://t.co/yNhVTWSdm4",FALSE,0,NA,2018-03-03 17:30:30,FALSE,NA,"969988398827089920",NA,"<a href=""http://www.hootsuite.com"" rel=""nofollow"">Hootsuite</a>","HinsonAssoc",0,FALSE,FALSE,NA,NA
"39","The 2018 Flu Season Might Finally Be Leveling Off: https://t.co/qxjQC31nBM https://t.co/NVkMBCJGIn",FALSE,0,NA,2018-03-03 17:30:30,FALSE,NA,"969988398806007808",NA,"<a href=""http://www.hootsuite.com"" rel=""nofollow"">Hootsuite</a>","GuillenInsur",0,FALSE,FALSE,NA,NA
"40","Update: she finally noticed I gave her back the money for the pizza. So, in a true Mom fashion, she took a bus (80‚Ä¶ https://t.co/O7oOLrSSCH",FALSE,0,"Amelia_E_Adler",2018-03-03 17:30:29,TRUE,"967749335894065152","969988393454178304","50342725","<a href=""https://about.twitter.com/products/tweetdeck"" rel=""nofollow"">TweetDeck</a>","Amelia_E_Adler",0,FALSE,FALSE,NA,NA
"41","@Destiny_awaitz I was on that Theraflu severe cold and flu for like a week to make it through work Ì†ΩÌ∏•",FALSE,0,"Destiny_awaitz",2018-03-03 17:30:28,FALSE,"969988012862918656","969988391012990977","1383288553","<a href=""http://twitter.com/download/android"" rel=""nofollow"">Twitter for Android</a>","ohisthisurhouse",0,FALSE,FALSE,NA,NA
"42","RT @abc13houston: 'FIGHTING FOR HER LIFE': A woman went to the hospital and thought she had the flu, but a month later she was in the ICU a‚Ä¶",FALSE,0,NA,2018-03-03 17:30:28,FALSE,NA,"969988390820237312",NA,"<a href=""http://twitter.com/download/android"" rel=""nofollow"">Twitter for Android</a>","prettyeyes33333",2,TRUE,FALSE,NA,NA
"43","Dog flu makes its way to Monterey Bay area https://t.co/wkxzY4Ovcg https://t.co/BtNqwh66j2",FALSE,0,NA,2018-03-03 17:30:18,FALSE,NA,"969988347618787328",NA,"<a href=""http://trueanthem.com/"" rel=""nofollow"">trueAnthem</a>","ksbw",0,FALSE,FALSE,NA,NA
"44","The 2018 Flu Season Might Finally Be Leveling Off: https://t.co/Jrjps8BnUw https://t.co/tfzuIZuPZW",FALSE,0,NA,2018-03-03 17:30:16,FALSE,NA,"969988339775492097",NA,"<a href=""http://www.hootsuite.com"" rel=""nofollow"">Hootsuite</a>","MautzAgency",0,FALSE,FALSE,NA,NA
"45","The 2018 Flu Season Might Finally Be Leveling Off: https://t.co/M87DXT9TBK https://t.co/EsD2AvLHVV",FALSE,0,NA,2018-03-03 17:30:16,FALSE,NA,"969988338299088902",NA,"<a href=""http://www.hootsuite.com"" rel=""nofollow"">Hootsuite</a>","Doner_Financial",0,FALSE,FALSE,NA,NA
"46","The 2018 Flu Season Might Finally Be Leveling Off: https://t.co/p8NrmZU8cT https://t.co/mKKiPDy7to",FALSE,0,NA,2018-03-03 17:30:16,FALSE,NA,"969988338240380928",NA,"<a href=""http://www.hootsuite.com"" rel=""nofollow"">Hootsuite</a>","GarlandBoyd",0,FALSE,FALSE,NA,NA
"47","Because even though I caught this deadly flu he won‚Äôt leave my side #MyPetIsMyTherapist https://t.co/i1aQdGpvpM",FALSE,1,NA,2018-03-03 17:30:15,FALSE,NA,"969988337573310466",NA,"<a href=""http://twitter.com/download/iphone"" rel=""nofollow"">Twitter for iPhone</a>","mimsyboo_thea",0,FALSE,FALSE,NA,NA
"48","The 2018 Flu Season Might Finally Be Leveling Off: https://t.co/rWBrMg1kc5 https://t.co/kZ7oJiOcy3",FALSE,0,NA,2018-03-03 17:30:15,FALSE,NA,"969988336143208451",NA,"<a href=""http://www.hootsuite.com"" rel=""nofollow"">Hootsuite</a>","Elite_Coverage",0,FALSE,FALSE,NA,NA
"49","The 2018 Flu Season Might Finally Be Leveling Off: https://t.co/cfC1QPFo6d https://t.co/al8FzzBzEz",FALSE,0,NA,2018-03-03 17:30:15,FALSE,NA,"969988336113868800",NA,"<a href=""http://www.hootsuite.com"" rel=""nofollow"">Hootsuite</a>","HebertInsLA",0,FALSE,FALSE,NA,NA
"50","The 2018 Flu Season Might Finally Be Leveling Off: https://t.co/zbsVFipbKD https://t.co/bPoN6rzfkz",FALSE,0,NA,2018-03-03 17:30:15,FALSE,NA,"969988335837032453",NA,"<a href=""http://www.hootsuite.com"" rel=""nofollow"">Hootsuite</a>","Gowin_Insurance",0,FALSE,FALSE,NA,NA
"51","The 2018 Flu Season Might Finally Be Leveling Off: https://t.co/cHtcWSFqAm https://t.co/S1O4afnJwI",FALSE,0,NA,2018-03-03 17:30:15,FALSE,NA,"969988335128244224",NA,"<a href=""http://www.hootsuite.com"" rel=""nofollow"">Hootsuite</a>","johnwilbersm",0,FALSE,FALSE,NA,NA
"52","The 2018 Flu Season Might Finally Be Leveling Off: https://t.co/pUmc1htWvv https://t.co/4WaYuRgVk6",FALSE,0,NA,2018-03-03 17:30:15,FALSE,NA,"969988335052738565",NA,"<a href=""http://www.hootsuite.com"" rel=""nofollow"">Hootsuite</a>","TheOlsonTeam",0,FALSE,FALSE,NA,NA
"53","The 2018 Flu Season Might Finally Be Leveling Off: https://t.co/03lprxdPqs https://t.co/tRypqZ9iGT",FALSE,0,NA,2018-03-03 17:30:15,FALSE,NA,"969988334650093569",NA,"<a href=""http://www.hootsuite.com"" rel=""nofollow"">Hootsuite</a>","akSpann",0,FALSE,FALSE,NA,NA
"54","The 2018 Flu Season Might Finally Be Leveling Off: https://t.co/70TzjshTZR https://t.co/ogMOpxYvLO",FALSE,0,NA,2018-03-03 17:30:15,FALSE,NA,"969988334566215680",NA,"<a href=""http://www.hootsuite.com"" rel=""nofollow"">Hootsuite</a>","kbakerinsurance",0,FALSE,FALSE,NA,NA
"55","The 2018 Flu Season Might Finally Be Leveling Off: https://t.co/CMNiD72RLS https://t.co/1k7zyQCZGR",FALSE,0,NA,2018-03-03 17:30:15,FALSE,NA,"969988334478077954",NA,"<a href=""http://www.hootsuite.com"" rel=""nofollow"">Hootsuite</a>","BacioccoBrosAgy",0,FALSE,FALSE,NA,NA
"56","The 2018 Flu Season Might Finally Be Leveling Off: https://t.co/2YSPBSAhZq https://t.co/qUibIEFYTX",FALSE,0,NA,2018-03-03 17:30:15,FALSE,NA,"969988334142611456",NA,"<a href=""http://www.hootsuite.com"" rel=""nofollow"">Hootsuite</a>","ModernAdvisors",0,FALSE,FALSE,NA,NA
"57","Sexual Health.
We aren't afraid to talk about getting the flu virus or strep throat so why can't talk about our... https://t.co/KPE12cAh8Z",FALSE,0,NA,2018-03-03 17:30:04,FALSE,NA,"969988290437771264",NA,"<a href=""http://www.facebook.com/twitter"" rel=""nofollow"">Facebook</a>","DenverBuffs",0,FALSE,FALSE,NA,NA
"58","Flu is very infectious and spread by germs from coughs and sneezes. To reduce the risk of spreading flu use tissues‚Ä¶ https://t.co/i8njdqPKEE",FALSE,0,NA,2018-03-03 17:30:03,TRUE,NA,"969988287308890113",NA,"<a href=""http://sproutsocial.com"" rel=""nofollow"">Sprout Social</a>","Care_Together",0,FALSE,FALSE,NA,NA
"59","New data shows 244 Hoosiers have died from flu: https://t.co/z5QiJCWeix",FALSE,0,NA,2018-03-03 17:30:00,FALSE,NA,"969988273220222976",NA,"<a href=""http://www.socialnewsdesk.com"" rel=""nofollow"">SocialNewsDesk</a>","FOX59",0,FALSE,FALSE,NA,NA
"60","Pineapple juice is 5 times more effective than cough syrup. It also prevents colds and the flu.",FALSE,16,NA,2018-03-03 17:30:00,FALSE,NA,"969988272603541505",NA,"<a href=""https://about.twitter.com/products/tweetdeck"" rel=""nofollow"">TweetDeck</a>","thegooglefact",5,FALSE,FALSE,NA,NA
"61","RT @Stuart_PhotoAFC: A few very average pictures from today's Arsenal training session. #cold #flu Ì†æÌ¥íÌ†ΩÌ∏∑‚ùÑÔ∏èÌ†ΩÌ≥∑ https://t.co/IYgffcMzuJ",FALSE,0,NA,2018-03-03 17:29:39,FALSE,NA,"969988186289197056",NA,"<a href=""http://twitter.com/download/iphone"" rel=""nofollow"">Twitter for iPhone</a>","Nelaz6",70,TRUE,FALSE,NA,NA
"62","RT @ninaa005: ‚ÄúMy feet are sweating but they‚Äôre cold. I think they have the flu‚Äù - @jaylaaliles",FALSE,0,NA,2018-03-03 17:29:38,FALSE,NA,"969988179423105025",NA,"<a href=""http://twitter.com/download/iphone"" rel=""nofollow"">Twitter for iPhone</a>","jaylaaliles",1,TRUE,FALSE,NA,NA
"63","RT @5SOS_Update: Remind me of when I waited in Lincoln for the radio tour for 8 hours in pouring rain &amp; ended up with the flu come night ti‚Ä¶",FALSE,0,NA,2018-03-03 17:29:38,FALSE,NA,"969988179318247425",NA,"<a href=""http://twitter.com/download/android"" rel=""nofollow"">Twitter for Android</a>","castaway5sos",2,TRUE,FALSE,NA,NA
"64","Flu Still Widespread In Washington, Slows Nationally  https://t.co/ARIoqsCK2B",FALSE,0,NA,2018-03-03 17:29:35,FALSE,NA,"969988166886346752",NA,"<a href=""https://zapier.com/"" rel=""nofollow"">Zapier.com</a>","SeattleNews360",0,FALSE,FALSE,NA,NA
"65","I'm down with the flu, and I think I now know what the malnourished African children feel like",FALSE,0,NA,2018-03-03 17:29:33,FALSE,NA,"969988159940583424",NA,"<a href=""http://twitter.com/download/android"" rel=""nofollow"">Twitter for Android</a>","Mathias70887143",0,FALSE,FALSE,NA,NA
"66","According to @K_S_Bukhari brother a girl look cute when she‚Äôs sick and having flu Ì†æÌ¥ßÌ†æÌ¥í Ì†ΩÌ∏∑.....I‚Äôm cute Ì†ΩÌ∏Ç and that‚Äôs making me happy right nowÌ†ΩÌ∏ÇÌ†ΩÌ∏Ç",FALSE,1,NA,2018-03-03 17:29:30,FALSE,NA,"969988147382714369",NA,"<a href=""http://twitter.com/download/iphone"" rel=""nofollow"">Twitter for iPhone</a>","Ma_Lights",1,FALSE,FALSE,NA,NA
"67","RT @LFC: ‚ùÑÔ∏è Time to get warm! Ì†ΩÌ¥•

Follow all of our live coverage on the blog ‚û°Ô∏è https://t.co/gtXlk21QOE https://t.co/DLTXPP7GOy",FALSE,0,NA,2018-03-03 17:29:28,FALSE,NA,"969988139241517056",NA,"<a href=""http://twitter.com/download/android"" rel=""nofollow"">Twitter for Android</a>","bird_flu",177,TRUE,FALSE,NA,NA
"68","Canadian Study Proves Flu Shot Increases Risk Of Contracting Influenza.. A Canadian study has found the flu shot ac‚Ä¶ https://t.co/0lXP0IoBax",FALSE,0,NA,2018-03-03 17:29:26,TRUE,NA,"969988132618850304",NA,"<a href=""http://ibreu.com/br"" rel=""nofollow"">Pieckl</a>","TroyCoby",0,FALSE,FALSE,NA,NA
"69","Canadian Study Proves Flu Shot Increases Risk Of Contracting Influenza.. A Canadian study has found the flu shot ac‚Ä¶ https://t.co/f6ICWcVZmb",FALSE,1,NA,2018-03-03 17:29:23,TRUE,NA,"969988118647640071",NA,"<a href=""http://iotwo.com/ke"" rel=""nofollow"">jinxi</a>","vnuek",1,FALSE,FALSE,NA,NA
"70","RT @LFC: The players have arrived. Anfield is ready. Ì†ΩÌ±äÌ†ΩÌ¥¥

Follow all the live coverage on our blog ‚û°Ô∏è https://t.co/gtXlk21QOE https://t.co/5‚Ä¶",FALSE,0,NA,2018-03-03 17:29:19,FALSE,NA,"969988102922973189",NA,"<a href=""http://twitter.com/download/android"" rel=""nofollow"">Twitter for Android</a>","bird_flu",250,TRUE,FALSE,NA,NA
"71","RT @jbiolchem: A reason for human variation in susceptibility to flu? Effects of allelic variations in the human myxovirus resistance prote‚Ä¶",FALSE,0,NA,2018-03-03 17:29:15,FALSE,NA,"969988082983321600",NA,"<a href=""http://twitter.com"" rel=""nofollow"">Twitter Web Client</a>","yon_wahyu",1,TRUE,FALSE,NA,NA
"72","RT @MiltonWolfMD: This would be a huge, huge story if the races were reversed.

As it stands, the local paper @KCStar placed it lower than‚Ä¶",FALSE,0,NA,2018-03-03 17:29:09,FALSE,NA,"969988060132839430",NA,"<a href=""http://twitter.com"" rel=""nofollow"">Twitter Web Client</a>","CardsFanTX",8,TRUE,FALSE,NA,NA
"73","RT @LFC: Ì†ΩÌ∫® TEAM NEWS Ì†ΩÌ∫®

How we line-up against Newcastle this evening... Ì†ΩÌ±á https://t.co/6RkzFUogmf",FALSE,0,NA,2018-03-03 17:29:09,FALSE,NA,"969988057473548288",NA,"<a href=""http://twitter.com/download/android"" rel=""nofollow"">Twitter for Android</a>","bird_flu",2466,TRUE,FALSE,NA,NA
"74","RT @callmedollar: Media is saying they‚Äôre making funeral arrangements and his friends and family are saying he went to the hospital for a f‚Ä¶",FALSE,0,NA,2018-03-03 17:29:08,FALSE,NA,"969988056378900480",NA,"<a href=""http://tweetlogix.com"" rel=""nofollow"">Tweetlogix</a>","MyRhiality",23,TRUE,FALSE,NA,NA
"75","Pour fours in my soda, I won't catch a flu",FALSE,0,NA,2018-03-03 17:29:05,FALSE,NA,"969988043406012416",NA,"<a href=""http://twitter.com/download/iphone"" rel=""nofollow"">Twitter for iPhone</a>","kaithedoofus",0,FALSE,FALSE,NA,NA
"76","RT @Stuart_PhotoAFC: A few very average pictures from today's Arsenal training session. #cold #flu Ì†æÌ¥íÌ†ΩÌ∏∑‚ùÑÔ∏èÌ†ΩÌ≥∑ https://t.co/IYgffcMzuJ",FALSE,0,NA,2018-03-03 17:29:04,FALSE,NA,"969988038540570624",NA,"<a href=""http://twitter.com/download/android"" rel=""nofollow"">Twitter for Android</a>","DouaihyTino",70,TRUE,FALSE,NA,NA
"77","The flu has been horrible this year. Scientists want to rethink how they make the vaccine. https://t.co/Jf3sWQLEpk via @business",FALSE,0,NA,2018-03-03 17:28:57,FALSE,NA,"969988007326490625",NA,"<a href=""http://twitter.com"" rel=""nofollow"">Twitter Web Client</a>","JexyMG",0,FALSE,FALSE,NA,NA
"78","@Jack_Septic_Eye Anti give you the flu? Nooooooo! It's such a dangerous strain &gt;.&lt;",FALSE,0,"Jack_Septic_Eye",2018-03-03 17:28:54,FALSE,"969968114958991360","969987995246903296","77596200","<a href=""http://twitter.com/download/android"" rel=""nofollow"">Twitter for Android</a>","JackMannequinn",0,FALSE,FALSE,NA,NA
"79","The flu sucks ugh.  But I managed to keep down some toast for a few hours so here's hoping I'm on the mend.",FALSE,1,NA,2018-03-03 17:28:49,FALSE,NA,"969987976716570624",NA,"<a href=""http://twitter.com"" rel=""nofollow"">Twitter Web Client</a>","sneakronicity",0,FALSE,FALSE,NA,NA
"80","You now have Asian Flu.",FALSE,0,NA,2018-03-03 17:28:47,FALSE,NA,"969987966947880960",NA,"<a href=""http://software.complete.org/twidge"" rel=""nofollow"">twidge</a>","FortuneCli",0,FALSE,FALSE,NA,NA
"81","Took a Flu Fighter Juice Shot and forgot how much I hate ginger.",FALSE,0,NA,2018-03-03 17:28:37,FALSE,NA,"969987926581854208",NA,"<a href=""http://twitter.com/download/iphone"" rel=""nofollow"">Twitter for iPhone</a>","LissTheGypsy",0,FALSE,FALSE,NA,NA
"82","""This Flu Season Is Biological Warfare Attack Induced Upon Us"" says whistle-blower https://t.co/Wi3hd4GDjn https://t.co/fjFTUHrpKX",FALSE,1,NA,2018-03-03 17:28:25,FALSE,NA,"969987874367172610",NA,"<a href=""http://twitter.com"" rel=""nofollow"">Twitter Web Client</a>","Correction2016",0,FALSE,FALSE,NA,NA
"83","RT @MdlMurray: FDA warns of fraudulent and unapproved flu products ‚ãÜ Conservative Firing Line https://t.co/lZ029S0kXT",FALSE,0,NA,2018-03-03 17:28:23,FALSE,NA,"969987868075675649",NA,"<a href=""http://twitter.com/download/android"" rel=""nofollow"">Twitter for Android</a>","JimPolk",1,TRUE,FALSE,NA,NA
"84","‚ÄúMy feet are sweating but they‚Äôre cold. I think they have the flu‚Äù - @jaylaaliles",FALSE,0,NA,2018-03-03 17:28:23,FALSE,NA,"969987865030602752",NA,"<a href=""http://twitter.com/download/iphone"" rel=""nofollow"">Twitter for iPhone</a>","ninaa005",1,FALSE,FALSE,NA,NA
"85","RT @MiltonWolfMD: This would be a huge, huge story if the races were reversed.

As it stands, the local paper @KCStar placed it lower than‚Ä¶",FALSE,0,NA,2018-03-03 17:28:19,FALSE,NA,"969987847921938434",NA,"<a href=""http://twitter.com/download/iphone"" rel=""nofollow"">Twitter for iPhone</a>","skifflegirl",8,TRUE,FALSE,NA,NA
"86","RT @MiltonWolfMD: This would be a huge, huge story if the races were reversed.

As it stands, the local paper @KCStar placed it lower than‚Ä¶",FALSE,0,NA,2018-03-03 17:28:16,FALSE,NA,"969987838501535745",NA,"<a href=""https://mobile.twitter.com"" rel=""nofollow"">Twitter Lite</a>","WilliamKBeard4",8,TRUE,FALSE,NA,NA
"87","RT @LOLGOP: Ebola did not kill one person infected in America and Trump wanted to end air travel as we know it.

In response to a horrendou‚Ä¶",FALSE,0,NA,2018-03-03 17:28:14,FALSE,NA,"969987829462859776",NA,"<a href=""http://twitter.com"" rel=""nofollow"">Twitter Web Client</a>","ComentarioDicho",172,TRUE,FALSE,NA,NA
"88","114 pediatric deaths but some positive signs overall https://t.co/heF2T47EfA https://t.co/Ir7SGwYgca",FALSE,0,NA,2018-03-03 17:27:58,FALSE,NA,"969987760747679745",NA,"<a href=""http://sites.google.com/site/yorufukurou/"" rel=""nofollow"">YoruFukurou</a>","Health__Newz",0,FALSE,FALSE,NA,NA
"89","Am I nauseous because I'm hungry or because my cold is actually the flu?",FALSE,0,NA,2018-03-03 17:27:58,FALSE,NA,"969987760101777408",NA,"<a href=""http://twitter.com/download/android"" rel=""nofollow"">Twitter for Android</a>","heatherquiznos",0,FALSE,FALSE,NA,NA
"90","Flu remains widespread in Arizona as fewer cases reported - The Bellingham Herald https://t.co/99C3wdmG8j",FALSE,0,NA,2018-03-03 17:27:47,FALSE,NA,"969987713708339200",NA,"<a href=""https://dlvrit.com/"" rel=""nofollow"">dlvr.it</a>","weightlosscalc1",0,FALSE,FALSE,NA,NA
"91","Flu remains widespread in Arizona as fewer cases reported - The Bellingham Herald https://t.co/U9F8Urt8K2",FALSE,0,NA,2018-03-03 17:27:42,FALSE,NA,"969987694334959616",NA,"<a href=""https://dlvrit.com/"" rel=""nofollow"">dlvr.it</a>","reducebellyfatx",0,FALSE,FALSE,NA,NA
"92","Flu remains widespread in Arizona as fewer cases reported - The Bellingham Herald https://t.co/7nHGRZrDvZ",FALSE,0,NA,2018-03-03 17:27:38,FALSE,NA,"969987677054386176",NA,"<a href=""https://dlvrit.com/"" rel=""nofollow"">dlvr.it</a>","ehealthandfitne",0,FALSE,FALSE,NA,NA
"93","@malbapalo @peliblanca7 @safsafayoub @NoelBarriere @MyEngland2016 @PapaPorter1 @sameh196 @silviasebille @EmiFever10‚Ä¶ https://t.co/ybkwjCQeBs",FALSE,1,"malbapalo",2018-03-03 17:27:36,TRUE,"969310091647311873","969987671035645954","742038964543082496","<a href=""https://mobile.twitter.com"" rel=""nofollow"">Twitter Lite</a>","Sootysweep21",0,FALSE,FALSE,NA,NA
"94","RT @cumartist: With all the flu's this year I decided to become a doctor! Open up and say ahhhhh https://t.co/pFbxkEcsP5",FALSE,0,NA,2018-03-03 17:27:24,FALSE,NA,"969987619101782016",NA,"<a href=""http://twitter.com/download/iphone"" rel=""nofollow"">Twitter for iPhone</a>","emresikerben",56,TRUE,FALSE,NA,NA
"95","Phew it‚Äôs been a while! Flu has kept us down for a week or so...but we‚Äôre off to the @Tate today on @visitlondon‚Äôs South Bank!",FALSE,0,NA,2018-03-03 17:27:23,FALSE,NA,"969987616119689222",NA,"<a href=""https://mobile.twitter.com"" rel=""nofollow"">Twitter Lite</a>","ticktock_travel",0,FALSE,FALSE,NA,NA
"96","Day 1/365 in Colorado. Elevation is 10,500 ft. Threw up once. Might have the flu. Not finished unpacking. Life's good.",FALSE,0,NA,2018-03-03 17:27:18,FALSE,NA,"969987593759686656",NA,"<a href=""http://twitter.com/download/iphone"" rel=""nofollow"">Twitter for iPhone</a>","c_sendt",0,FALSE,FALSE,NA,NA
"97","@julie53hunt Yes! That‚Äôs how he felt!  So cool that you lived in a haunted house! Hopefully, it was the quaint kind‚Ä¶ https://t.co/t4rjchlvEP",FALSE,0,"julie53hunt",2018-03-03 17:27:16,TRUE,"969571635975004163","969987583550763008","4765206128","<a href=""http://twitter.com/download/iphone"" rel=""nofollow"">Twitter for iPhone</a>","momzilla03",0,FALSE,FALSE,NA,NA
"98","FDA warns of fraudulent and unapproved flu products ‚ãÜ Conservative Firing Line https://t.co/lZ029S0kXT",FALSE,0,NA,2018-03-03 17:26:42,FALSE,NA,"969987440667750400",NA,"<a href=""http://www.linkedin.com/"" rel=""nofollow"">LinkedIn</a>","MdlMurray",1,FALSE,FALSE,NA,NA
"99","I think I got the flu as well because I was out with my friends all day yesterday and they are all sick, weLL",FALSE,0,NA,2018-03-03 17:26:27,FALSE,NA,"969987380089409543",NA,"<a href=""http://twitter.com/download/iphone"" rel=""nofollow"">Twitter for iPhone</a>","heavensjjk",0,FALSE,FALSE,NA,NA
"100","FDA warns of fraudulent and unapproved flu products https://t.co/ktoBeXVi0U via @co_firing_line",FALSE,0,NA,2018-03-03 17:26:15,FALSE,NA,"969987331099803649",NA,"<a href=""http://twitter.com"" rel=""nofollow"">Twitter Web Client</a>","MdlMurray",0,FALSE,FALSE,NA,NA
"101","RT @AprilPerk2012: Bucket list= see @blakeshelton in concert... DONE!!!!  Aaannnddd even with the flu!!! It was A-MAZ-ING!!  Thanks for a g‚Ä¶",FALSE,0,NA,2018-03-03 17:26:12,FALSE,NA,"969987318965768192",NA,"<a href=""http://twitter.com/download/iphone"" rel=""nofollow"">Twitter for iPhone</a>","crazy4som",3,TRUE,FALSE,NA,NA
"102","RT @KisgenUF: It‚Äôs not over yet, but I love this trend. Will be happy to see this #flu season come to an end.Ì†ΩÌ∏∑ #WashYourHands https://t.co/‚Ä¶",FALSE,0,NA,2018-03-03 17:26:09,FALSE,NA,"969987303102808067",NA,"<a href=""http://twitter.com/download/iphone"" rel=""nofollow"">Twitter for iPhone</a>","ErinMcCreary",3,TRUE,FALSE,NA,NA
"103","RT @OrganicLiveFood: Beta carotene in #turnip is converted2 #vitaminA n the potent antioxidants help 2neutralize effect of free radicals ht‚Ä¶",FALSE,0,NA,2018-03-03 17:26:07,FALSE,NA,"969987296111087616",NA,"<a href=""http://twitter.com/download/iphone"" rel=""nofollow"">Twitter for iPhone</a>","eggersdorferm",6,TRUE,FALSE,NA,NA
"104","Dogs entering Chico shelter to get 'dog flu' shots - Chico Enterprise-Record https://t.co/u4noNMiTy2 #Pets https://t.co/Yj35ugqof8",FALSE,0,NA,2018-03-03 17:26:06,FALSE,NA,"969987292176662528",NA,"<a href=""https://dlvrit.com/"" rel=""nofollow"">dlvr.it</a>","KatzPheilynes",0,FALSE,FALSE,NA,NA
"105","Working mom's monkey paw: ""I love my job and I love my kid but gee wouldn't it be nice to sleep for like 3 days straight.""

Gets flu.",FALSE,0,NA,2018-03-03 17:26:05,FALSE,NA,"969987287873347584",NA,"<a href=""http://twitter.com/download/android"" rel=""nofollow"">Twitter for Android</a>","megcwachs",0,FALSE,FALSE,NA,NA
"106","RT @IsisIrisimawake: Banker: How are we today?
Me: I have the fuckin flu Alice. I need this cashed. Where's the pen?",FALSE,0,NA,2018-03-03 17:26:02,FALSE,NA,"969987273474363392",NA,"<a href=""http://twitter.com/download/iphone"" rel=""nofollow"">Twitter for iPhone</a>","fattydaddy7",5,TRUE,FALSE,NA,NA
"107","It turns out man flu gains considerable amounts of credibility only once the wife comes down with it too.",FALSE,1,NA,2018-03-03 17:26:00,FALSE,NA,"969987266419613696",NA,"<a href=""https://mobile.twitter.com"" rel=""nofollow"">Twitter Lite</a>","itsnotVATsimple",0,FALSE,FALSE,NA,NA
"108","Forget Cold and Flu tablets. Alcohol has actually got me off the sofa, I‚Äôll be dancing next Ì†ΩÌµ∫Ì†ºÌΩ∫",FALSE,0,NA,2018-03-03 17:25:59,FALSE,NA,"969987261877178369",NA,"<a href=""http://twitter.com/download/iphone"" rel=""nofollow"">Twitter for iPhone</a>","larneboy73",0,FALSE,FALSE,NA,NA
"109","RT @cumartist: With all the flu's this year I decided to become a doctor! Open up and say ahhhhh https://t.co/pFbxkEcsP5",FALSE,0,NA,2018-03-03 17:25:56,FALSE,NA,"969987249902243840",NA,"<a href=""http://twitter.com/download/iphone"" rel=""nofollow"">Twitter for iPhone</a>","bighqld",56,TRUE,FALSE,NA,NA
"110","RT @MiltonWolfMD: This would be a huge, huge story if the races were reversed.

As it stands, the local paper @KCStar placed it lower than‚Ä¶",FALSE,0,NA,2018-03-03 17:25:43,FALSE,NA,"969987193237250048",NA,"<a href=""http://twitter.com/download/android"" rel=""nofollow"">Twitter for Android</a>","Linz775",8,TRUE,FALSE,NA,NA
"111","RT @InduPillai01: Thus came the flu, like a mossy layer on the bones. Thus came a memory, like a damp spot on the cheeks.",FALSE,0,NA,2018-03-03 17:25:28,FALSE,NA,"969987131476193280",NA,"<a href=""http://www.twitter.com"" rel=""nofollow"">Twitter for Windows Phone</a>","oshokrishna6",2,TRUE,FALSE,NA,NA
"112","RT @MiltonWolfMD: This would be a huge, huge story if the races were reversed.

As it stands, the local paper @KCStar placed it lower than‚Ä¶",FALSE,0,NA,2018-03-03 17:25:20,FALSE,NA,"969987099872104448",NA,"<a href=""http://twitter.com/download/iphone"" rel=""nofollow"">Twitter for iPhone</a>","commonguy123",8,TRUE,FALSE,NA,NA
"113","RT @AlexisRenG: F U flu https://t.co/NsIMWbyxhs",FALSE,0,NA,2018-03-03 17:25:13,FALSE,NA,"969987069434048512",NA,"<a href=""http://twitter.com/download/iphone"" rel=""nofollow"">Twitter for iPhone</a>","e_johnson5",2462,TRUE,FALSE,NA,NA
"114","RT @MiltonWolfMD: This would be a huge, huge story if the races were reversed.

As it stands, the local paper @KCStar placed it lower than‚Ä¶",FALSE,0,NA,2018-03-03 17:25:04,FALSE,NA,"969987031093927936",NA,"<a href=""http://twitter.com"" rel=""nofollow"">Twitter Web Client</a>","KarenSL",8,TRUE,FALSE,NA,NA
"115","RT @MiltonWolfMD: This would be a huge, huge story if the races were reversed.

As it stands, the local paper @KCStar placed it lower than‚Ä¶",FALSE,0,NA,2018-03-03 17:24:55,FALSE,NA,"969986996025417728",NA,"<a href=""https://about.twitter.com/products/tweetdeck"" rel=""nofollow"">TweetDeck</a>","GadsdenJazz",8,TRUE,FALSE,NA,NA
"116","I decided to limit my twitter use to my phone only. I think that's working out. Have a fantastic day, y'all! And pl‚Ä¶ https://t.co/sSo39k5nnr",FALSE,0,NA,2018-03-03 17:24:49,TRUE,NA,"969986967936135169",NA,"<a href=""http://twitter.com/download/android"" rel=""nofollow"">Twitter for Android</a>","yooklyde",0,FALSE,FALSE,NA,NA
"117","I needed to catch up on Tournament of Books reading, thus I‚Äôm making the most of this stomach flu",FALSE,0,NA,2018-03-03 17:24:49,FALSE,NA,"969986966833033224",NA,"<a href=""http://twitter.com/download/iphone"" rel=""nofollow"">Twitter for iPhone</a>","Womack",0,FALSE,FALSE,NA,NA
"118","Having the flu and period at the same time is lethal. #Goodbyeworld https://t.co/ZhLB0QKF8W",FALSE,0,NA,2018-03-03 17:24:45,FALSE,NA,"969986951041441793",NA,"<a href=""http://twitter.com/download/android"" rel=""nofollow"">Twitter for Android</a>","shmikelly",0,FALSE,FALSE,NA,NA
"119","This would be a huge, huge story if the races were reversed.

As it stands, the local paper @KCStar placed it lower‚Ä¶ https://t.co/uJKedLh3i4",FALSE,9,NA,2018-03-03 17:24:30,TRUE,NA,"969986889875902465",NA,"<a href=""http://twitter.com"" rel=""nofollow"">Twitter Web Client</a>","MiltonWolfMD",8,FALSE,FALSE,NA,NA
"120","It's cold. My daughter has the flu. I am feeling miserable. But, my trees are covered in‚Ä¶ https://t.co/HY6l3cTSCU",FALSE,0,NA,2018-03-03 17:24:28,FALSE,NA,"969986880971378688",NA,"<a href=""http://instagram.com"" rel=""nofollow"">Instagram</a>","tiftalksbooks",0,FALSE,FALSE,NA,NA
"121","Idk how i thought flu season was over Ì†ΩÌ∏©",FALSE,0,NA,2018-03-03 17:24:28,FALSE,NA,"969986879918616576",NA,"<a href=""http://twitter.com/download/iphone"" rel=""nofollow"">Twitter for iPhone</a>","BigPoppaHoee",0,FALSE,FALSE,NA,NA
"122","Her pussy stay wet, we don't gotta use lube
Good head on her shoulders like she still in school
Pour fours in my so‚Ä¶ https://t.co/vU4HxpfNMV",FALSE,0,NA,2018-03-03 17:24:19,TRUE,NA,"969986841725284352",NA,"<a href=""http://twitter.com"" rel=""nofollow"">Twitter Web Client</a>","_istaywavy",0,FALSE,FALSE,NA,NA
"123","Flu is everywhere in America right now. https://t.co/DNqZzLSBLm  https://t.co/3G8W4KfAgU",FALSE,0,NA,2018-03-03 17:24:11,FALSE,NA,"969986809789927424",NA,"<a href=""https://www.socialjukebox.com"" rel=""nofollow"">The Social Jukebox</a>","MeanwhileInTX",0,FALSE,FALSE,NA,NA
"124","RT @gamecox93: If I die from the flu, please make sure the death certificate mentions a knife fight.",FALSE,0,NA,2018-03-03 17:24:08,FALSE,NA,"969986795772497924",NA,"<a href=""http://twitter.com/download/iphone"" rel=""nofollow"">Twitter for iPhone</a>","AnnietheNanny1",33,TRUE,FALSE,NA,NA
"125","RT @calluptome: Flu shots sound like the worst drink ever.",FALSE,0,NA,2018-03-03 17:23:56,FALSE,NA,"969986747579891717",NA,"<a href=""http://twitter.com/download/iphone"" rel=""nofollow"">Twitter for iPhone</a>","ddymatties",669,TRUE,FALSE,NA,NA
"126","Crowded shelters and the vicious flu brew perfect storm for the homeless https://t.co/cJNIm508xy",FALSE,0,NA,2018-03-03 17:23:45,FALSE,NA,"969986698926051329",NA,"<a href=""http://twitter.com"" rel=""nofollow"">Twitter Web Client</a>","NC_MJGalvin",0,FALSE,FALSE,NA,NA
"127","This flu shit ain‚Äôt fun Ì†ΩÌ∏∑Ì†ΩÌ∏µ

First time getting it and hopefully the last Ì†ΩÌπèÌ†ºÌøª",FALSE,0,NA,2018-03-03 17:23:39,FALSE,NA,"969986676012417024",NA,"<a href=""http://twitter.com/download/iphone"" rel=""nofollow"">Twitter for iPhone</a>","JTNapples808",0,FALSE,FALSE,NA,NA
"128","RT @WMBDNews: The number of people going to the doctor with symptoms of the flu has continued to decline. Deaths from the flu or pneumonia‚Ä¶",FALSE,0,NA,2018-03-03 17:23:31,FALSE,NA,"969986640864337920",NA,"<a href=""http://twitter.com/download/android"" rel=""nofollow"">Twitter for Android</a>","WagonChef",1,TRUE,FALSE,NA,NA
"129","Lol flu season... Ì†æÌ¥¶Ì†ºÌøΩ‚Äç‚ôÇÔ∏è yeah let‚Äôs just make a season and put it between winter and spring Ì†ΩÌ∏ÇÌ†ΩÌ∏ÇÌ†ΩÌ∏ÇÌ†ΩÌ∏ÇÌ†ΩÌ∏ÇÌ†ΩÌ∏Ç y‚Äôall so dummy you bummies",FALSE,0,NA,2018-03-03 17:23:29,FALSE,NA,"969986634291716096",NA,"<a href=""http://twitter.com/download/iphone"" rel=""nofollow"">Twitter for iPhone</a>","Hecss2x",0,FALSE,FALSE,NA,NA
"130","I think I'm coming down with flu Ì†ΩÌ∏í",FALSE,0,NA,2018-03-03 17:23:23,FALSE,NA,"969986609113427974",NA,"<a href=""http://twitter.com/download/android"" rel=""nofollow"">Twitter for Android</a>","ChocBrowney",0,FALSE,FALSE,NA,NA
"131","RT @dswhite7: Writing this and seeing my first byline at @The_Belladonnas almost makes up for the hours I lost to THREE BILLBOARDS: https:/‚Ä¶",FALSE,0,NA,2018-03-03 17:23:17,FALSE,NA,"969986583934902273",NA,"<a href=""http://twitter.com/download/iphone"" rel=""nofollow"">Twitter for iPhone</a>","raydardy",1,TRUE,FALSE,NA,NA
"132","RT @Stuart_PhotoAFC: A few very average pictures from today's Arsenal training session. #cold #flu Ì†æÌ¥íÌ†ΩÌ∏∑‚ùÑÔ∏èÌ†ΩÌ≥∑ https://t.co/IYgffcMzuJ",FALSE,0,NA,2018-03-03 17:23:17,FALSE,NA,"969986582483628032",NA,"<a href=""http://twitter.com/download/android"" rel=""nofollow"">Twitter for Android</a>","adrysns916",70,TRUE,FALSE,NA,NA
"133","@sdarby123 @Cladoski94 @ryanbiech He was at a ppg and also had the flu all tournament. Pretty impressive he did wha‚Ä¶ https://t.co/YVadmf3mxO",FALSE,0,"sdarby123",2018-03-03 17:23:17,TRUE,"969986198717456384","969986581875408896","1556514697","<a href=""http://twitter.com/download/android"" rel=""nofollow"">Twitter for Android</a>","AyadSadik",0,FALSE,FALSE,NA,NA
"134","RT @FindApprentices: ""Smiling is infectious, you catch it like the flu. When someone smiled at me today, I started smiling too!"" #Apprentic‚Ä¶",FALSE,0,NA,2018-03-03 17:23:10,FALSE,NA,"969986552997863424",NA,"<a href=""http://twitter.com/download/android"" rel=""nofollow"">Twitter for Android</a>","Gainesk1959",0,TRUE,FALSE,NA,NA
"135","RT @DawnBurkes: I wasn't feeling all that great, either, but @BlakeShelton made the flu look good at his show last night at American Airlin‚Ä¶",FALSE,0,NA,2018-03-03 17:23:01,FALSE,NA,"969986516750565378",NA,"<a href=""http://twitter.com/download/iphone"" rel=""nofollow"">Twitter for iPhone</a>","Pcrawls",3,TRUE,FALSE,NA,NA
"136","Jeez i'm got some flu Ì†ΩÌ∏© i need to finish 2 assignment today ugh..",FALSE,0,NA,2018-03-03 17:22:54,FALSE,NA,"969986488304726016",NA,"<a href=""http://twitter.com/download/android"" rel=""nofollow"">Twitter for Android</a>","addictedxxi",0,FALSE,FALSE,NA,NA
"137","Yoh! The flu is killing me",FALSE,0,NA,2018-03-03 17:22:45,FALSE,NA,"969986450283548674",NA,"<a href=""http://twitter.com/download/android"" rel=""nofollow"">Twitter for Android</a>","ps_ndabeni",0,FALSE,FALSE,NA,NA
"138","Another slow progress week due to a combination of getting over the flu and getting my wisdom teeth removed! But I‚Ä¶ https://t.co/jYgVMNRvQR",FALSE,1,NA,2018-03-03 17:22:45,TRUE,NA,"969986447766884353",NA,"<a href=""http://twitter.com"" rel=""nofollow"">Twitter Web Client</a>","flyover_games",0,FALSE,FALSE,NA,NA
"139","@gavinleming83 Yeah sinus infection is ""coming in,"" but not quite there yet... Antibiotics should nerf it before it‚Ä¶ https://t.co/KHo4FYMtVM",FALSE,1,"gavinleming83",2018-03-03 17:22:40,TRUE,"969980740082524165","969986429169397760","821330195374342144","<a href=""http://twitter.com/download/iphone"" rel=""nofollow"">Twitter for iPhone</a>","KyleKraft_",0,FALSE,FALSE,NA,NA
"140","RT @NewsandGuts: From Dan: The devastating flu epidemic rages on. While the CDC reports that the number of flu cases is finally declining,‚Ä¶",FALSE,0,NA,2018-03-03 17:22:27,FALSE,NA,"969986375268237312",NA,"<a href=""http://twitterrific.com"" rel=""nofollow"">Twitterrific</a>","santafefran",7,TRUE,FALSE,NA,NA
"141","I swear it feel like I got the flu smh",FALSE,0,NA,2018-03-03 17:22:24,FALSE,NA,"969986360466649089",NA,"<a href=""http://twitter.com/download/iphone"" rel=""nofollow"">Twitter for iPhone</a>","jamelll_",0,FALSE,FALSE,NA,NA
"142","RT @BarryStantonGB: 52, 5 kids. patriot. never payed tv licence. multiple EDL rallys across britain. voted leave twice. survived swine flu‚Ä¶",FALSE,0,NA,2018-03-03 17:22:24,FALSE,NA,"969986359179046912",NA,"<a href=""http://twitter.com/download/android"" rel=""nofollow"">Twitter for Android</a>","jc117010",14264,TRUE,FALSE,NA,NA
"143","If I‚Äôm starting to get the flu I‚Äôm gonna be so pissed",FALSE,0,NA,2018-03-03 17:22:07,FALSE,NA,"969986289410899968",NA,"<a href=""http://twitter.com/download/iphone"" rel=""nofollow"">Twitter for iPhone</a>","FJordan27",0,FALSE,FALSE,NA,NA
"144","#Florida Teen Received Devastating News After Being Misdiagnosed With The #Flu: https://t.co/B3trpbiRI4",FALSE,0,NA,2018-03-03 17:22:00,FALSE,NA,"969986261493714944",NA,"<a href=""https://about.twitter.com/products/tweetdeck"" rel=""nofollow"">TweetDeck</a>","MyQ105",0,FALSE,FALSE,NA,NA
"145","RT @tnsalmon3: I think we got a different flu https://t.co/VDeDLL3R8i",FALSE,0,NA,2018-03-03 17:22:00,FALSE,NA,"969986258641539077",NA,"<a href=""http://twitter.com/download/iphone"" rel=""nofollow"">Twitter for iPhone</a>","alanalisa9",474,TRUE,FALSE,NA,NA
"146","Sick of the flu!",FALSE,0,NA,2018-03-03 17:21:36,FALSE,NA,"969986160733970432",NA,"<a href=""http://twitter.com/download/iphone"" rel=""nofollow"">Twitter for iPhone</a>","BettsKinkem",0,FALSE,FALSE,NA,NA
"147","Writing this and seeing my first byline at @The_Belladonnas almost makes up for the hours I lost to THREE BILLBOARD‚Ä¶ https://t.co/gOGhWf7L6F",FALSE,1,NA,2018-03-03 17:21:33,TRUE,NA,"969986146498326528",NA,"<a href=""http://twitter.com/download/iphone"" rel=""nofollow"">Twitter for iPhone</a>","dswhite7",1,FALSE,FALSE,NA,NA
"148","RT @TerryTorro: CAN YALL COUGH &amp; SNEEZE IN YOUR DAMN ELBOW! THE FLU IS LITERALLY MURKING PEOPLE AND YALL OUT HERE BEING DISRESPECTFUL https‚Ä¶",FALSE,0,NA,2018-03-03 17:21:27,FALSE,NA,"969986123303931904",NA,"<a href=""http://twitter.com/download/iphone"" rel=""nofollow"">Twitter for iPhone</a>","youlovekia_",81417,TRUE,FALSE,NA,NA
"149","RT @NYGovCuomo: The number of new flu cases in New York has declined by 25% in the past week, but flu season isn‚Äôt over yet.

I encourage N‚Ä¶",FALSE,0,NA,2018-03-03 17:21:23,FALSE,NA,"969986104291098625",NA,"<a href=""http://twitter.com/download/android"" rel=""nofollow"">Twitter for Android</a>","Marina1227",35,TRUE,FALSE,NA,NA
"150","In bed with the flu Ì†æÌ¥í feeling sorry for myself or could it be @HunterTheBear flu. Withdrawal symptoms for missing t‚Ä¶ https://t.co/XOA9evorm5",FALSE,0,NA,2018-03-03 17:21:19,TRUE,NA,"969986086209556484",NA,"<a href=""http://twitter.com/download/iphone"" rel=""nofollow"">Twitter for iPhone</a>","autumnbliss70",0,FALSE,FALSE,NA,NA
"151","Health officials say this year‚Äôs nasty flu season has finally passed its peak https://t.co/E8EtJfgm7d",FALSE,0,NA,2018-03-03 17:21:19,FALSE,NA,"969986085941018626",NA,"<a href=""https://ifttt.com"" rel=""nofollow"">IFTTT</a>","trendingshed",0,FALSE,FALSE,NA,NA
"152","@scropius @saidy_brown What's the story in contracting a virus... d you go around asking people how they hit flu?",FALSE,0,"scropius",2018-03-03 17:21:18,FALSE,"969532810934521856","969986084825452546","1508286120","<a href=""http://twitter.com/download/android"" rel=""nofollow"">Twitter for Android</a>","mehlomakhulu87",0,FALSE,FALSE,NA,NA
"153","RT @RapSheet: This is not good. The flu is going around the Combine and #OSU DL Tyquan Lewis is among those who have it. He may not be able‚Ä¶",FALSE,0,NA,2018-03-03 17:21:17,FALSE,NA,"969986080253595648",NA,"<a href=""http://twitter.com/download/iphone"" rel=""nofollow"">Twitter for iPhone</a>","Stanczyk_63",394,TRUE,FALSE,NA,NA
"154","Crowded shelters and the vicious flu brew perfect storm for the homeless https://t.co/tqgHM5hb3g #SDOH",FALSE,0,NA,2018-03-03 17:21:04,FALSE,NA,"969986025006227456",NA,"<a href=""http://twitter.com"" rel=""nofollow"">Twitter Web Client</a>","DukeFMStudents",0,FALSE,FALSE,NA,NA
"155","RT @101Leafy: Hey guys, sorry for slacking on the streams the week; like a lot of you, I got a nasty FLU! Streaming involves talking, talki‚Ä¶",FALSE,0,NA,2018-03-03 17:20:57,FALSE,NA,"969985994232561665",NA,"<a href=""http://twitter.com/download/iphone"" rel=""nofollow"">Twitter for iPhone</a>","TheWickedWibWob",4,TRUE,FALSE,NA,NA
"156","RT @CDBoyter: Does anyone have an update???
We all know he was ABDUCTED for his remarks about the flu shot actually does give people the fl‚Ä¶",FALSE,0,NA,2018-03-03 17:20:30,FALSE,NA,"969985883393765377",NA,"<a href=""http://twitter.com/download/android"" rel=""nofollow"">Twitter for Android</a>","CDBoyter",1,TRUE,FALSE,NA,NA
"157","This screenshot isn't pretty, but it's real life. This is from a couple of months ago when my youngest had the flu.‚Ä¶ https://t.co/RMcNXxobte",FALSE,0,NA,2018-03-03 17:20:26,TRUE,NA,"969985865064861698",NA,"<a href=""http://twitter.com"" rel=""nofollow"">Twitter Web Client</a>","SoPeculiarGames",0,FALSE,FALSE,NA,NA
"158","@alyiah_aguilera I wonder if ppl are able to see her &amp; little man bcuz of flu season Ì†ΩÌ∏©",FALSE,0,"alyiah_aguilera",2018-03-03 17:20:23,FALSE,"969980773800529920","969985851957456896","217625675","<a href=""http://twitter.com/download/iphone"" rel=""nofollow"">Twitter for iPhone</a>","_Miss_Serena_",0,FALSE,FALSE,NA,NA
"159","RT @shelton_team: Not necessarily a complete fan of this review, but I'm Tweeting it because of this ""Twenty-seven songs later, everybody e‚Ä¶",FALSE,0,NA,2018-03-03 17:20:15,FALSE,NA,"969985821427331072",NA,"<a href=""http://twitter.com/download/android"" rel=""nofollow"">Twitter for Android</a>","CrRedneck123",2,TRUE,FALSE,NA,NA
"160","Data Analysis Shows what Drives the Spread of Flu - https://t.co/Uh39ZzK7Lu",FALSE,0,NA,2018-03-03 17:20:15,FALSE,NA,"969985818390663168",NA,"<a href=""http://literarydistortion.serveftp.net/averysmallperlscript.html"" rel=""nofollow"">a very small perl script</a>","SoylentNews",0,FALSE,FALSE,NA,NA
"161","After a week of fighting the flu why did I think a kids party at Chuck e cheese was a good idea?",FALSE,0,NA,2018-03-03 17:19:58,FALSE,NA,"969985747959926784",NA,"<a href=""http://twitter.com/download/android"" rel=""nofollow"">Twitter for Android</a>","WMarrisonII",0,FALSE,FALSE,NA,NA
"162","Mix 1 tbsp raw honey with the juice of one lemon. Add enough warm/hot water to soften honey and stir all together.‚Ä¶ https://t.co/7bToX2btns",FALSE,0,NA,2018-03-03 17:19:50,TRUE,NA,"969985715491745793",NA,"<a href=""http://twitter.com/download/android"" rel=""nofollow"">Twitter for Android</a>","kcavhi9",0,FALSE,FALSE,NA,NA
"163","When Michael has been around someone with the flu and pneumonia and is still sleeping because he‚Äôs sick now calls f‚Ä¶ https://t.co/APMzBtOfRr",FALSE,0,NA,2018-03-03 17:19:48,TRUE,NA,"969985707895861249",NA,"<a href=""http://www.echofon.com/"" rel=""nofollow"">Echofon</a>","adashwalker",0,FALSE,FALSE,NA,NA
"164","@Quarkybirdy Oh I see.
If took a bout of flu before you could fully understand this old crippled guys life then?
#WelcomeToMyWorld",FALSE,1,"Quarkybirdy",2018-03-03 17:19:39,FALSE,"969972486107549696","969985667605385217","122167036","<a href=""http://twitter.com"" rel=""nofollow"">Twitter Web Client</a>","MilosParrots",0,FALSE,FALSE,NA,NA
"165","Ughhhh, this Reaper Flu Season farming takes up so much time and effort of escaping and re-entering battles if he d‚Ä¶ https://t.co/50G6zGH9nL",FALSE,0,NA,2018-03-03 17:19:35,TRUE,NA,"969985650140184576",NA,"<a href=""http://twitter.com/download/iphone"" rel=""nofollow"">Twitter for iPhone</a>","np_hajimerikka",0,FALSE,FALSE,NA,NA
"166","#blackandwhitephoto to match both the weather and my mood. Haven‚Äôt left the house since Wednesday, but it‚Äôs not the‚Ä¶ https://t.co/R7FdyYST4L",FALSE,0,NA,2018-03-03 17:19:32,TRUE,NA,"969985640669556737",NA,"<a href=""http://twitter.com/download/iphone"" rel=""nofollow"">Twitter for iPhone</a>","KiwiKylieTaylor",0,FALSE,FALSE,NA,NA
"167","RT @tnsalmon3: I think we got a different flu https://t.co/VDeDLL3R8i",FALSE,0,NA,2018-03-03 17:19:27,FALSE,NA,"969985616543977472",NA,"<a href=""http://twitter.com/download/iphone"" rel=""nofollow"">Twitter for iPhone</a>","KingSnixx",474,TRUE,FALSE,NA,NA
"168","RT @martinmckee: @melb4886 @Frances_Coppola @billwells_1 @maybulman @MichaelMarmot @dannydorling See our paper (and earlier ones cited in i‚Ä¶",FALSE,0,NA,2018-03-03 17:19:15,FALSE,NA,"969985569517461504",NA,"<a href=""http://twitter.com/download/android"" rel=""nofollow"">Twitter for Android</a>","Cgrimes3",3,TRUE,FALSE,NA,NA
"169","FOR GOD, FAMILY AND COUNTRY IT'S TIME TO STAND THE WALL: HERE‚ÄôS THE PROOF FLU VIRUS WAS DELIBERATELY WEAPON... https://t.co/72t5M5W6S5",FALSE,0,NA,2018-03-03 17:19:13,FALSE,NA,"969985561116241922",NA,"<a href=""http://twitter.com"" rel=""nofollow"">Twitter Web Client</a>","rggipson_bob",0,FALSE,FALSE,NA,NA
"170","No doubt. My first symptom of the flu was waking up confused. The rest followed hours later. https://t.co/DEbMlMsxp3",FALSE,2,NA,2018-03-03 17:19:13,FALSE,NA,"969985559144869888",NA,"<a href=""http://twitter.com/download/iphone"" rel=""nofollow"">Twitter for iPhone</a>","westernlvr",0,FALSE,FALSE,NA,NA
"171","Y'know when you have the flu and you just can't move? Like all feeling bad aside, your body is going ""yeah, no""? Th‚Ä¶ https://t.co/1GIW2iIhet",FALSE,1,NA,2018-03-03 17:19:11,TRUE,NA,"969985553113501696",NA,"<a href=""http://twitter.com"" rel=""nofollow"">Twitter Web Client</a>","SamuraiKnitter",0,FALSE,FALSE,NA,NA
"172","RT @simplykatricia: A symptom I've had during this #flu is sensitivity to light. Reading an actual book is not happening right now. Passing‚Ä¶",FALSE,0,NA,2018-03-03 17:19:09,FALSE,NA,"969985543240060930",NA,"<a href=""https://mobile.twitter.com"" rel=""nofollow"">Twitter Lite</a>","LailaMarita15",1,TRUE,FALSE,NA,NA
"173","I‚Äôve decided through my flu haze that I am going to bring back  ‚Äúexsqueeze baking powder‚Äù",FALSE,0,NA,2018-03-03 17:19:09,FALSE,NA,"969985541239222273",NA,"<a href=""https://mobile.twitter.com"" rel=""nofollow"">Twitter Lite</a>","Honey_Bonez",0,FALSE,FALSE,NA,NA
"174","How the 1918 #Flu #Pandemic Helped Advance Women‚Äôs Rights
#WomensRights
https://t.co/qxnwncclb7 https://t.co/8oehsy7Hyy",FALSE,2,NA,2018-03-03 17:19:08,FALSE,NA,"969985536558616576",NA,"<a href=""http://twitter.com"" rel=""nofollow"">Twitter Web Client</a>","Gjallarhornet",0,FALSE,FALSE,NA,NA
"175","Influenza drug kills virus in one¬†day https://t.co/Aadn6sj6xe",FALSE,0,NA,2018-03-03 17:18:49,FALSE,NA,"969985458418651136",NA,"<a href=""http://publicize.wp.com/"" rel=""nofollow"">WordPress.com</a>","egelwan",0,FALSE,FALSE,NA,NA
"176","#SaturdayMorning ~ #Recipes 2 Help you Kick the #Flu &amp; Stomp your Cold ~ #Health 4 the #Weekend  RT @tasty https://t.co/N1aW3AAMqt",FALSE,2,NA,2018-03-03 17:18:47,FALSE,NA,"969985452231946241",NA,"<a href=""http://twitter.com"" rel=""nofollow"">Twitter Web Client</a>","SWilkingHoran",0,FALSE,FALSE,NA,NA
"177","@Gsjules @KathysArt @toni_iacobbo @dhatkidylen @peacock4ca42 So can the flu.

Get vaccinated",FALSE,0,"Gsjules",2018-03-03 17:18:33,FALSE,"969798712183549953","969985390454063104","118582411","<a href=""http://twitter.com/download/android"" rel=""nofollow"">Twitter for Android</a>","KimGonzalezAlb1",0,FALSE,FALSE,NA,NA
"178","RT @MatExpBazaar: Midwives also have a key role to play in public health promotion. Our role involves discussing small changes women can ma‚Ä¶",FALSE,0,NA,2018-03-03 17:18:23,FALSE,NA,"969985349681401856",NA,"<a href=""http://twitter.com/download/iphone"" rel=""nofollow"">Twitter for iPhone</a>","SarahCurtis2000",3,TRUE,FALSE,NA,NA
"179","I haven‚Äôt been to the gym in days cause of this damn flu and I feel worthless! Ì†ΩÌ∏§Ì†ΩÌ∏§Ì†ΩÌ∏§",FALSE,1,NA,2018-03-03 17:18:22,FALSE,NA,"969985345793208321",NA,"<a href=""http://twitter.com/download/iphone"" rel=""nofollow"">Twitter for iPhone</a>","lanaabsolut",0,FALSE,FALSE,NA,NA
"180","Couldn‚Äôt catch flu. Ì†ΩÌ∏í https://t.co/PXYhPeDVuh",FALSE,0,NA,2018-03-03 17:18:15,FALSE,NA,"969985314545655815",NA,"<a href=""http://twitter.com/download/iphone"" rel=""nofollow"">Twitter for iPhone</a>","RonaldWG",0,FALSE,FALSE,NA,NA
"181","RT @lifehacks: Pineapple juice is 5 times more effective than cough syrup. It also prevents colds and the flu.",FALSE,0,NA,2018-03-03 17:18:13,FALSE,NA,"969985307410968581",NA,"<a href=""http://twitter.com/download/iphone"" rel=""nofollow"">Twitter for iPhone</a>","Mckkkenzzz",239,TRUE,FALSE,NA,NA
"182","This flu is having me on",FALSE,0,NA,2018-03-03 17:18:03,FALSE,NA,"969985266235691008",NA,"<a href=""http://twitter.com/download/iphone"" rel=""nofollow"">Twitter for iPhone</a>","emilyllo_",0,FALSE,FALSE,NA,NA
"183","@Eazy2015 @CBCNews Had an uncle in Victoria who got the shot 2yrs ago, 3 weeks later he was on death's door, wasted‚Ä¶ https://t.co/lthmQtDD71",FALSE,0,"Eazy2015",2018-03-03 17:18:01,TRUE,"969755637419622400","969985258534809600","408505514","<a href=""http://twitter.com"" rel=""nofollow"">Twitter Web Client</a>","Workoutsmurf",0,FALSE,FALSE,NA,NA
"184","@GaviSeth @matthewherper @washingtonpost Problem is much of that us based on opinions not hard evidence. Talking ab‚Ä¶ https://t.co/WiIFJYc1zG",FALSE,0,"GaviSeth",2018-03-03 17:17:51,TRUE,"969947275807076352","969985217032269826","93115683","<a href=""http://twitter.com/download/iphone"" rel=""nofollow"">Twitter for iPhone</a>","gmt9992",0,FALSE,FALSE,NA,NA
"185","RT @BarryStantonGB: 52, 5 kids. patriot. never payed tv licence. multiple EDL rallys across britain. voted leave twice. survived swine flu‚Ä¶",FALSE,0,NA,2018-03-03 17:17:40,FALSE,NA,"969985171293458432",NA,"<a href=""http://twitter.com/download/iphone"" rel=""nofollow"">Twitter for iPhone</a>","ForbiddenTho",14264,TRUE,FALSE,NA,NA
"186","FDA Warns of Fraudulent and Unapproved Flu Products - https://t.co/4p51GMOVMT MedNews https://t.co/xH5cLTKRyK",FALSE,0,NA,2018-03-03 17:17:38,FALSE,NA,"969985162770558978",NA,"<a href=""http://twitter.com"" rel=""nofollow"">Twitter Web Client</a>","MedPipeline",0,FALSE,FALSE,NA,NA
"187","How the devastating 1918 flu pandemic helped advance US women's rights https://t.co/4fAGvLFONN via @ConversationUS",FALSE,0,NA,2018-03-03 17:17:32,FALSE,NA,"969985133913788417",NA,"<a href=""http://twitter.com"" rel=""nofollow"">Twitter Web Client</a>","nobik",0,FALSE,FALSE,NA,NA
"188","@Hon3y_Be @Unity_Coach @adinainDC @quietbonnie @Christgodtweet @interbaza13 @Platoslogic @RLH_Initials‚Ä¶ https://t.co/9E0CFRhYo0",FALSE,2,"Hon3y_Be",2018-03-03 17:17:27,TRUE,"969982706024091648","969985115177799681","755901237711822849","<a href=""http://twitter.com"" rel=""nofollow"">Twitter Web Client</a>","C_G_Fields",0,FALSE,FALSE,NA,NA
"189","WARNING: Current photo of Birdy. It‚Äôs not a pretty sight. Besides all the symptoms of flu, she has symptoms of self‚Ä¶ https://t.co/qlwBKmglOu",FALSE,7,NA,2018-03-03 17:17:22,TRUE,NA,"969985095779176450",NA,"<a href=""http://twitter.com/download/iphone"" rel=""nofollow"">Twitter for iPhone</a>","vis_wv",0,FALSE,FALSE,NA,NA
"190","RT @BombshellJacket: Two of your hosts got the flu. The real flu. Real bad. Episode is late but we will be back soon. You can check out @Or‚Ä¶",FALSE,0,NA,2018-03-03 17:17:20,FALSE,NA,"969985085771599872",NA,"<a href=""http://twitter.com/download/iphone"" rel=""nofollow"">Twitter for iPhone</a>","6Golf3Bravo",5,TRUE,FALSE,NA,NA
"191","@wildlifeimages @BBCEarth Carrying Putin's bugs.  I can't shift this cold/flu I started over a week ago and now we'‚Ä¶ https://t.co/gV5D4mTIUX",FALSE,0,"wildlifeimages",2018-03-03 17:17:15,TRUE,"969298141207056384","969985063067807745","90968726","<a href=""http://twitter.com"" rel=""nofollow"">Twitter Web Client</a>","Jacque_Lyndon",0,FALSE,FALSE,NA,NA
"192","Keto Flu is NOT Inevitable - Read Our Comprehensive Guide to Find Out More! #keto #ketodiet #ketoflu #flu #health‚Ä¶ https://t.co/LVSjaoG8do",FALSE,0,NA,2018-03-03 17:17:05,TRUE,NA,"969985023574147073",NA,"<a href=""https://twittimer.com"" rel=""nofollow"">Twittimer</a>","KetoDetective",0,FALSE,FALSE,NA,NA
"193","RT @AlexisRenG: F U flu https://t.co/NsIMWbyxhs",FALSE,0,NA,2018-03-03 17:16:55,FALSE,NA,"969984978695196672",NA,"<a href=""http://twitter.com"" rel=""nofollow"">Twitter Web Client</a>","ezedecarp07",2462,TRUE,FALSE,NA,NA
"194","RT @TimothyBHealy: Have we peaked?  1,749 new laboratory-confirmed cases of flu on Long Island for the week ending Feb. 24, a 27.9 percent‚Ä¶",FALSE,0,NA,2018-03-03 17:16:31,FALSE,NA,"969984880779169792",NA,"<a href=""http://twitter.com/download/iphone"" rel=""nofollow"">Twitter for iPhone</a>","chayesmatthew",5,TRUE,FALSE,NA,NA
"195","RT @lifehacks: Pineapple juice is 5 times more effective than cough syrup. It also prevents colds and the flu.",FALSE,0,NA,2018-03-03 17:16:27,FALSE,NA,"969984864274604032",NA,"<a href=""http://twitter.com/download/iphone"" rel=""nofollow"">Twitter for iPhone</a>","LiebigAshley",239,TRUE,FALSE,NA,NA
"196","RT @TheNYevening: CDC Doctor: ‚ÄòDisastrous‚Äô Flu Shot Is Causing Deadly Flu Outbreak https://t.co/9Ia2IHJWYb https://t.co/WYQxmMsHS0",FALSE,0,NA,2018-03-03 17:16:25,FALSE,NA,"969984854061395970",NA,"<a href=""http://twitter.com/download/android"" rel=""nofollow"">Twitter for Android</a>","Janice54711621",11,TRUE,FALSE,NA,NA
"197","Uh fuck this flu passion of Christ give me strength. Ì†ΩÌ∏∑Ì†ΩÌ∏∑Ì†ΩÌ∏∑",FALSE,0,NA,2018-03-03 17:16:22,FALSE,NA,"969984840203251712",NA,"<a href=""https://mobile.twitter.com"" rel=""nofollow"">Twitter Lite</a>","pagzbunny",0,FALSE,FALSE,NA,NA
"198","@bouncepassos Kawhi must have the flu or something to be missing this hame.",FALSE,0,"bouncepassos",2018-03-03 17:16:17,FALSE,"969984382009257985","969984822713176065","425996392","<a href=""http://twitter.com/download/iphone"" rel=""nofollow"">Twitter for iPhone</a>","The_Reliant",0,FALSE,FALSE,NA,NA
"199","RT @doctorsensation: if they were babies, you would hear nada https://t.co/cOYnUFSTmY",FALSE,0,NA,2018-03-03 17:16:16,FALSE,NA,"969984815247314944",NA,"<a href=""http://twitter.com/download/iphone"" rel=""nofollow"">Twitter for iPhone</a>","Thinkingmom19",13,TRUE,FALSE,NA,NA
"200","RT @terrence_mccoy: When I was doing this story, I couldn't get over the unforgiving quickness of influenza. One mom I talked with brought‚Ä¶",FALSE,0,NA,2018-03-03 17:16:13,FALSE,NA,"969984806057426944",NA,"<a href=""http://twitter.com/download/iphone"" rel=""nofollow"">Twitter for iPhone</a>","WashburneMaggie",4,TRUE,FALSE,NA,NA
